<ImportExportXml version="9.2.25022.210" SolutionPackageVersion="9.2" languagecode="1033" generatedBy="CrmLive" xmlns:xsi="http://www.w3.org/2001/XMLSchema-instance" OrganizationVersion="9.2.25022.210" OrganizationSchemaType="Standard" CRMServerServiceabilityVersion="9.2.25023.00204">
  <SolutionManifest>
    <UniqueName>InventoryManagement</UniqueName>
    <LocalizedNames>
      <LocalizedName description="Inventory Management" languagecode="1033" />
    </LocalizedNames>
    <Descriptions />
    <Version>1.0.0.1</Version>
    <Managed>0</Managed>
    <Publisher>
      <UniqueName>OGDevWorksGCC</UniqueName>
      <LocalizedNames>
        <LocalizedName description="OGDevWorksGCC" languagecode="1033" />
      </LocalizedNames>
      <Descriptions />
      <EMailAddress xsi:nil="true"></EMailAddress>
      <SupportingWebsiteUrl xsi:nil="true"></SupportingWebsiteUrl>
      <CustomizationPrefix>ogdwgcc</CustomizationPrefix>
      <CustomizationOptionValuePrefix>11892</CustomizationOptionValuePrefix>
      <Addresses>
        <Address>
          <AddressNumber>1</AddressNumber>
          <AddressTypeCode>1</AddressTypeCode>
          <City xsi:nil="true"></City>
          <County xsi:nil="true"></County>
          <Country xsi:nil="true"></Country>
          <Fax xsi:nil="true"></Fax>
          <FreightTermsCode xsi:nil="true"></FreightTermsCode>
          <ImportSequenceNumber xsi:nil="true"></ImportSequenceNumber>
          <Latitude xsi:nil="true"></Latitude>
          <Line1 xsi:nil="true"></Line1>
          <Line2 xsi:nil="true"></Line2>
          <Line3 xsi:nil="true"></Line3>
          <Longitude xsi:nil="true"></Longitude>
          <Name xsi:nil="true"></Name>
          <PostalCode xsi:nil="true"></PostalCode>
          <PostOfficeBox xsi:nil="true"></PostOfficeBox>
          <PrimaryContactName xsi:nil="true"></PrimaryContactName>
          <ShippingMethodCode>1</ShippingMethodCode>
          <StateOrProvince xsi:nil="true"></StateOrProvince>
          <Telephone1 xsi:nil="true"></Telephone1>
          <Telephone2 xsi:nil="true"></Telephone2>
          <Telephone3 xsi:nil="true"></Telephone3>
          <TimeZoneRuleVersionNumber xsi:nil="true"></TimeZoneRuleVersionNumber>
          <UPSZone xsi:nil="true"></UPSZone>
          <UTCOffset xsi:nil="true"></UTCOffset>
          <UTCConversionTimeZoneCode xsi:nil="true"></UTCConversionTimeZoneCode>
        </Address>
        <Address>
          <AddressNumber>2</AddressNumber>
          <AddressTypeCode>1</AddressTypeCode>
          <City xsi:nil="true"></City>
          <County xsi:nil="true"></County>
          <Country xsi:nil="true"></Country>
          <Fax xsi:nil="true"></Fax>
          <FreightTermsCode xsi:nil="true"></FreightTermsCode>
          <ImportSequenceNumber xsi:nil="true"></ImportSequenceNumber>
          <Latitude xsi:nil="true"></Latitude>
          <Line1 xsi:nil="true"></Line1>
          <Line2 xsi:nil="true"></Line2>
          <Line3 xsi:nil="true"></Line3>
          <Longitude xsi:nil="true"></Longitude>
          <Name xsi:nil="true"></Name>
          <PostalCode xsi:nil="true"></PostalCode>
          <PostOfficeBox xsi:nil="true"></PostOfficeBox>
          <PrimaryContactName xsi:nil="true"></PrimaryContactName>
          <ShippingMethodCode>1</ShippingMethodCode>
          <StateOrProvince xsi:nil="true"></StateOrProvince>
          <Telephone1 xsi:nil="true"></Telephone1>
          <Telephone2 xsi:nil="true"></Telephone2>
          <Telephone3 xsi:nil="true"></Telephone3>
          <TimeZoneRuleVersionNumber xsi:nil="true"></TimeZoneRuleVersionNumber>
          <UPSZone xsi:nil="true"></UPSZone>
          <UTCOffset xsi:nil="true"></UTCOffset>
          <UTCConversionTimeZoneCode xsi:nil="true"></UTCConversionTimeZoneCode>
        </Address>
      </Addresses>
    </Publisher>
    <RootComponents>
      <RootComponent type="1" schemaName="account" behavior="1" />
      <RootComponent type="1" schemaName="ogdwgcc_inventoryitem" behavior="0" />
      <RootComponent type="1" schemaName="ogdwgcc_kit" behavior="0" />
      <RootComponent type="1" schemaName="ogdwgcc_kitdefinition" behavior="0" />
      <RootComponent type="1" schemaName="ogdwgcc_kitdefinitionitem" behavior="0" />
      <RootComponent type="1" schemaName="ogdwgcc_kititem" behavior="0" />
      <RootComponent type="1" schemaName="ogdwgcc_kitrequest" behavior="0" />
      <RootComponent type="1" schemaName="ogdwgcc_warehouse" behavior="0" />
      <RootComponent type="9" schemaName="ogdwgcc_classifications" behavior="0" />
      <RootComponent type="9" schemaName="ogdwgcc_inventoryitemtype" behavior="0" />
      <RootComponent type="29" id="{8ffb679e-7fd3-ef11-8eea-001dd80b01ad}" behavior="0" />
      <RootComponent type="60" id="{feef8aca-79d3-ef11-8ee9-001dd8025644}" behavior="0" />
      <RootComponent type="61" schemaName="ogdwgcc_box" behavior="0" />
      <RootComponent type="61" schemaName="ogdwgcc_inventorymanagement" behavior="0" />
      <RootComponent type="61" schemaName="ogdwgcc_stockrotation" behavior="0" />
      <RootComponent type="61" schemaName="ogdwgcc_tools" behavior="0" />
      <RootComponent type="61" schemaName="ogdwgcc_warehouse" behavior="0" />
      <RootComponent type="61" schemaName="ogdwgcc_water" behavior="0" />
      <RootComponent type="62" schemaName="ogdwgcc_InventoryManagementBackOffice" behavior="0" />
      <RootComponent type="80" schemaName="ogdwgcc_InventoryManagementBackOffice" behavior="0" />
      <RootComponent type="300" schemaName="ogdwgcc_inventorymanagement_3b8b9" behavior="0" />
      <RootComponent type="431" schemaName="ogdwgcc_inventoryitem ogdwgcc_itemimage" behavior="0" />
      <RootComponent type="432" schemaName="ogdwgcc_inventoryitem" behavior="0" />
    </RootComponents>
    <MissingDependencies>
      <MissingDependency>
        <Required type="61" schemaName="msdyn_/Images/AppModule_Default_Icon.png" displayName="msdyn_/Images/AppModule_Default_Icon.png" solution="AppModuleWebResources (2.5)" />
        <Dependent type="80" schemaName="ogdwgcc_InventoryManagementBackOffice" displayName="Inventory Management Back-Office" />
      </MissingDependency>
      <MissingDependency>
        <Required type="SettingDefinition" displayName="AppChannel" solution="msdyn_AppFrameworkInfraExtensions (1.0.0.12)" id.uniquename="AppChannel">
          <package appName="PowerAppsAppFramework Package" version="1.0.0.16">PowerAppsAppFramework_Anchor (1.0.0.16)</package>
        </Required>
        <Dependent type="AppSetting" displayName="parentappmoduleid.uniquename=ogdwgcc_InventoryManagementBackOffice,settingdefinitionid.uniquename=AppChannel" id.parentappmoduleid.uniquename="ogdwgcc_InventoryManagementBackOffice" id.settingdefinitionid.uniquename="AppChannel" />
      </MissingDependency>
    </MissingDependencies>
  </SolutionManifest>
</ImportExportXml>