<ImportExportXml version="9.2.24102.198" SolutionPackageVersion="9.2" languagecode="1033" generatedBy="CrmLive" xmlns:xsi="http://www.w3.org/2001/XMLSchema-instance" OrganizationVersion="9.2.24102.198" OrganizationSchemaType="Standard" CRMServerServiceabilityVersion="9.2.24103.00232">
  <SolutionManifest>
    <UniqueName>AssetManagement</UniqueName>
    <LocalizedNames>
      <LocalizedName description="Asset Management" languagecode="1033" />
    </LocalizedNames>
    <Descriptions />
    <Version>1.0.0.11</Version>
    <Managed>0</Managed>
    <Publisher>
      <UniqueName>MicrosoftSales</UniqueName>
      <LocalizedNames>
        <LocalizedName description="Microsoft Sales" languagecode="1033" />
      </LocalizedNames>
      <Descriptions>
        <Description description="Microsoft Sales" languagecode="1033" />
      </Descriptions>
      <EMailAddress xsi:nil="true"></EMailAddress>
      <SupportingWebsiteUrl xsi:nil="true"></SupportingWebsiteUrl>
      <CustomizationPrefix>msft</CustomizationPrefix>
      <CustomizationOptionValuePrefix>45924</CustomizationOptionValuePrefix>
      <Addresses>
        <Address>
          <AddressNumber>1</AddressNumber>
          <AddressTypeCode>1</AddressTypeCode>
          <City xsi:nil="true"></City>
          <County xsi:nil="true"></County>
          <Country xsi:nil="true"></Country>
          <Fax xsi:nil="true"></Fax>
          <FreightTermsCode xsi:nil="true"></FreightTermsCode>
          <ImportSequenceNumber xsi:nil="true"></ImportSequenceNumber>
          <Latitude xsi:nil="true"></Latitude>
          <Line1 xsi:nil="true"></Line1>
          <Line2 xsi:nil="true"></Line2>
          <Line3 xsi:nil="true"></Line3>
          <Longitude xsi:nil="true"></Longitude>
          <Name xsi:nil="true"></Name>
          <PostalCode xsi:nil="true"></PostalCode>
          <PostOfficeBox xsi:nil="true"></PostOfficeBox>
          <PrimaryContactName xsi:nil="true"></PrimaryContactName>
          <ShippingMethodCode>1</ShippingMethodCode>
          <StateOrProvince xsi:nil="true"></StateOrProvince>
          <Telephone1 xsi:nil="true"></Telephone1>
          <Telephone2 xsi:nil="true"></Telephone2>
          <Telephone3 xsi:nil="true"></Telephone3>
          <TimeZoneRuleVersionNumber xsi:nil="true"></TimeZoneRuleVersionNumber>
          <UPSZone xsi:nil="true"></UPSZone>
          <UTCOffset xsi:nil="true"></UTCOffset>
          <UTCConversionTimeZoneCode xsi:nil="true"></UTCConversionTimeZoneCode>
        </Address>
        <Address>
          <AddressNumber>2</AddressNumber>
          <AddressTypeCode>1</AddressTypeCode>
          <City xsi:nil="true"></City>
          <County xsi:nil="true"></County>
          <Country xsi:nil="true"></Country>
          <Fax xsi:nil="true"></Fax>
          <FreightTermsCode xsi:nil="true"></FreightTermsCode>
          <ImportSequenceNumber xsi:nil="true"></ImportSequenceNumber>
          <Latitude xsi:nil="true"></Latitude>
          <Line1 xsi:nil="true"></Line1>
          <Line2 xsi:nil="true"></Line2>
          <Line3 xsi:nil="true"></Line3>
          <Longitude xsi:nil="true"></Longitude>
          <Name xsi:nil="true"></Name>
          <PostalCode xsi:nil="true"></PostalCode>
          <PostOfficeBox xsi:nil="true"></PostOfficeBox>
          <PrimaryContactName xsi:nil="true"></PrimaryContactName>
          <ShippingMethodCode>1</ShippingMethodCode>
          <StateOrProvince xsi:nil="true"></StateOrProvince>
          <Telephone1 xsi:nil="true"></Telephone1>
          <Telephone2 xsi:nil="true"></Telephone2>
          <Telephone3 xsi:nil="true"></Telephone3>
          <TimeZoneRuleVersionNumber xsi:nil="true"></TimeZoneRuleVersionNumber>
          <UPSZone xsi:nil="true"></UPSZone>
          <UTCOffset xsi:nil="true"></UTCOffset>
          <UTCConversionTimeZoneCode xsi:nil="true"></UTCConversionTimeZoneCode>
        </Address>
      </Addresses>
    </Publisher>
    <RootComponents>
      <RootComponent type="1" schemaName="msft_asset" behavior="0" />
      <RootComponent type="1" schemaName="msft_assetassignment" behavior="0" />
      <RootComponent type="1" schemaName="msft_assetassignmentitem" behavior="0" />
      <RootComponent type="1" schemaName="msft_assettype" behavior="0" />
      <RootComponent type="1" schemaName="msft_employee" behavior="1" />
      <RootComponent type="1" schemaName="msft_office" behavior="1" />
      <RootComponent type="1" schemaName="msft_room" behavior="0" />
      <RootComponent type="1" schemaName="msft_state" behavior="1" />
      <RootComponent type="1" schemaName="msft_vendor" behavior="1" />
      <RootComponent type="1" schemaName="msft_vendorproduct" behavior="0" />
      <RootComponent type="9" schemaName="msft_assetassignmentstatus" behavior="0" />
      <RootComponent type="9" schemaName="msft_assetassignmenttype" behavior="0" />
      <RootComponent type="9" schemaName="msft_assetstatus" behavior="0" />
      <RootComponent type="9" schemaName="msft_employeetype" behavior="0" />
      <RootComponent type="9" schemaName="msft_suffix" behavior="0" />
      <RootComponent type="9" schemaName="msft_vendorservices" behavior="0" />
      <RootComponent type="20" id="{928c9af4-4b4f-ef11-a317-001dd830996b}" behavior="0" />
      <RootComponent type="20" id="{cef93072-4d4f-ef11-a316-001dd804d436}" behavior="0" />
      <RootComponent type="29" id="{2313eea2-ed99-ef11-8a6b-001dd80886c6}" behavior="0" />
      <RootComponent type="29" id="{3db62694-8898-ef11-8a6b-001dd80886c6}" behavior="0" />
      <RootComponent type="29" id="{5e48e2f1-eb99-ef11-8a6b-001dd8070501}" behavior="0" />
      <RootComponent type="29" id="{71838b4c-484f-ef11-a317-001dd830996b}" behavior="0" />
      <RootComponent type="29" id="{b1a4906c-ed99-ef11-8a6b-001dd80886c6}" behavior="0" />
      <RootComponent type="29" id="{ccffd9ad-484f-ef11-a317-001dd830996b}" behavior="0" />
      <RootComponent type="29" id="{daf8ba1d-ed99-ef11-8a6b-001dd803d2f5}" behavior="0" />
      <RootComponent type="29" id="{eb8e738d-b64e-ef11-a316-001dd804d436}" behavior="0" />
      <RootComponent type="62" schemaName="msft_EmployeeAssetManagement" behavior="0" />
      <RootComponent type="80" schemaName="msft_EmployeeAssetManagement" behavior="0" />
    </RootComponents>
    <MissingDependencies>
        </MissingDependencies>
  </SolutionManifest>
</ImportExportXml>