{
  "properties": {
    "connectionReferences": {
      "shared_commondataserviceforapps_1": {
        "runtimeSource": "embedded",
        "connection": {
          "connectionReferenceLogicalName": "msft_sharedcommondataserviceforapps_7b669"
        },
        "api": {
          "name": "shared_commondataserviceforapps"
        }
      }
    },
    "definition": {
      "$schema": "https://schema.management.azure.com/providers/Microsoft.Logic/schemas/2016-06-01/workflowdefinition.json#",
      "contentVersion": "1.0.0.0",
      "parameters": {
        "$connections": {
          "defaultValue": {},
          "type": "Object"
        },
        "$authentication": {
          "defaultValue": {},
          "type": "SecureObject"
        }
      },
      "triggers": {
        "When_Returned": {
          "metadata": {
            "operationMetadataId": "41cf2949-e798-4bc0-84e8-e60ced79a1c7"
          },
          "type": "OpenApiConnectionWebhook",
          "inputs": {
            "host": {
              "connectionName": "shared_commondataserviceforapps_1",
              "operationId": "SubscribeWebhookTrigger",
              "apiId": "/providers/Microsoft.PowerApps/apis/shared_commondataserviceforapps"
            },
            "parameters": {
              "subscriptionRequest/message": 3,
              "subscriptionRequest/entityname": "msft_assetassignment",
              "subscriptionRequest/scope": 4,
              "subscriptionRequest/filteringattributes": "msft_returned",
              "subscriptionRequest/filterexpression": "msft_returned eq true"
            },
            "authentication": "@parameters('$authentication')"
          }
        }
      },
      "actions": {
        "List_Items": {
          "runAfter": {},
          "metadata": {
            "operationMetadataId": "6c996e69-005c-45d6-892e-be9799bc5ee1"
          },
          "type": "OpenApiConnection",
          "inputs": {
            "host": {
              "connectionName": "shared_commondataserviceforapps_1",
              "operationId": "ListRecords",
              "apiId": "/providers/Microsoft.PowerApps/apis/shared_commondataserviceforapps"
            },
            "parameters": {
              "entityName": "msft_assetassignmentitems",
              "$filter": "_msft_assetassignment_value eq '@{triggerOutputs()?['body/msft_assetassignmentid']}'\nand \nmsft_assignmentstatus eq 459240003"
            },
            "authentication": "@parameters('$authentication')"
          }
        },
        "Apply_to_each_2": {
          "foreach": "@outputs('List_Items')?['body/value']",
          "actions": {
            "Get_Asset_Record_2": {
              "runAfter": {},
              "metadata": {
                "operationMetadataId": "2133275a-b570-4fd8-80a6-f5e04efe43e5"
              },
              "type": "OpenApiConnection",
              "inputs": {
                "host": {
                  "connectionName": "shared_commondataserviceforapps_1",
                  "operationId": "GetItem",
                  "apiId": "/providers/Microsoft.PowerApps/apis/shared_commondataserviceforapps"
                },
                "parameters": {
                  "entityName": "msft_assets",
                  "recordId": "@items('Apply_to_each_2')?['_msft_assetid_value']"
                },
                "authentication": "@parameters('$authentication')"
              }
            },
            "Set_Returned_To_True_2": {
              "runAfter": {
                "Get_Asset_Record_2": [
                  "Succeeded"
                ]
              },
              "metadata": {
                "operationMetadataId": "88be6488-ec74-4d7f-a5e3-63616af88a44"
              },
              "type": "OpenApiConnection",
              "inputs": {
                "host": {
                  "connectionName": "shared_commondataserviceforapps_1",
                  "operationId": "UpdateRecord",
                  "apiId": "/providers/Microsoft.PowerApps/apis/shared_commondataserviceforapps"
                },
                "parameters": {
                  "entityName": "msft_assetassignmentitems",
                  "recordId": "@items('Apply_to_each_2')?['msft_assetassignmentitemid']"
                },
                "authentication": "@parameters('$authentication')"
              }
            }
          },
          "runAfter": {
            "List_Items": [
              "Succeeded"
            ]
          },
          "metadata": {
            "operationMetadataId": "8868fc15-aa7c-44d1-a864-a0bab4573d2a"
          },
          "type": "Foreach"
        },
        "Set_Date_and_Status_2": {
          "runAfter": {
            "Apply_to_each_2": [
              "Succeeded"
            ]
          },
          "metadata": {
            "operationMetadataId": "1074c79e-5862-4321-91f3-b648cac54170"
          },
          "type": "OpenApiConnection",
          "inputs": {
            "host": {
              "connectionName": "shared_commondataserviceforapps_1",
              "operationId": "UpdateRecord",
              "apiId": "/providers/Microsoft.PowerApps/apis/shared_commondataserviceforapps"
            },
            "parameters": {
              "entityName": "msft_assetassignments",
              "recordId": "@triggerOutputs()?['body/msft_assetassignmentid']",
              "item/msft_assignmentstatus": 459240003,
              "item/msft_datereturned": "@utcNow()",
              "item/statecode": 1,
              "item/statuscode": 2
            },
            "authentication": "@parameters('$authentication')"
          }
        }
      }
    },
    "templateName": ""
  },
  "schemaVersion": "1.0.0.0"
}